Username,Rating,Review Title,Review Text
Aarav,9,Brilliant social comedy,This movie is brilliant and emotionally powerful. It mixes humor with life lessons in a very effective manner.
Meera,8,Thoughtful and entertaining,The film is entertaining while also delivering a strong message about education and life.
Rohan,7,Good but slightly exaggerated,The story is inspiring and funny yet some scenes feel overly dramatic.
Priya,6,Enjoyable with some flaws,It has memorable performances and a meaningful message though the pacing feels uneven.
Kunal,9,One of the best films,The emotional depth and comedy make this a memorable experience for every viewer.
Sanya,8,Strong performances,The characters feel realistic and the film leaves a lasting impression on the audience.
Dev,5,Average experience,It is decent and engaging but not consistently compelling from start to finish.
Nisha,7,Inspiring and witty,The movie balances humor and seriousness well and keeps the audience invested.
Harsh,8,Powerful message,The story remains relevant because it questions success and societal pressure in a meaningful way.
Tanya,9,Excellent storytelling,The writing is sharp and the emotional moments connect deeply with the audience.
Ravi,4,Too long and preachy,The film has good ideas but the message feels repetitive and heavy-handed.
Anika,7,Funny and reflective,The humor works well and the film encourages viewers to think about life and purpose.
Soham,8,Memorable and heartwarming,It is moving and uplifting with several scenes that stay with you.
Kavya,6,Good but predictable,The plot is familiar and some moments feel formulaic despite the strong performances.
Ishaan,9,Timeless classic,This film remains relevant because it speaks to ambition and personal growth.
Mitali,8,Very engaging,The pacing is lively and the characters are easy to connect with.
Neel,5,Somewhat overrated,The movie is enjoyable but the hype around it feels larger than the actual experience.
Pooja,7,Smart and entertaining,It delivers both laughter and reflection without losing momentum.
Aditya,10,Masterpiece for many viewers,The film is inspiring and deeply emotional all at once.
Samir,6,Interesting but uneven,It has strong moments but the narrative sometimes becomes too sentimental.
Ritika,8,Beautifully crafted,The film makes you laugh and think at the same time.
Aman,7,Worth watching,The performances are strong and the film holds attention throughout.
Diya,9,Excellent emotional impact,The movie resonates because it speaks to the pressures of society and the search for meaning.
Jatin,3,Not my favorite,The humor feels forced and the film becomes tiring in several parts.
Shruti,8,Well balanced film,It combines comedy with a sincere reflection on education and identity.
Vivek,6,Decent storytelling,The movie is engaging but not especially original in its approach.
Ananya,10,Exceptional experience,The film is uplifting and leaves a strong emotional impact after the credits roll.
Nikhil,7,Good message and performances,The central themes remain meaningful and the cast delivers well.
Bharat,5,Mixed feelings,The movie has charm but also several scenes that feel exaggerated.
Mira,9,Very moving,The emotional journey feels sincere and the film encourages thoughtful reflection.
Siddharth,4,Too preachy,The message is clear but the film often explains rather than shows.
Pari,8,Strong social commentary,The movie reflects on education and personal ambition with intelligence and humor.
Yash,7,Enjoyable and meaningful,It keeps the audience engaged while delivering a thoughtful message.
Riddhi,6,Okay watch,It is decent but the emotional peaks are not always earned.
Arjun,8,Highly recommended,The film is lively and has a great balance of humor and heart.
Kritika,9,Deeply relatable,The characters and their struggles feel very human and relatable.
Amanpreet,7,Good overall,The film is entertaining and leaves a positive impression despite some weaknesses.
Suraj,2,Disappointing,The experience felt slow and the film did not connect with me emotionally.
Tanvi,8,Clever and uplifting,The writing is smart and the film remains optimistic throughout.
Raghav,6,Solid but ordinary,It is a fine watch with a good message though not especially surprising.
Mahi,9,Inspirational and funny,The movie inspires viewers to think beyond conventional success.
Zoya,5,Average but memorable,The film has some memorable moments but also many predictable ones.
Kabir,8,Wonderful performances,The cast makes the film feel sincere and lively.
Shreya,7,Thoughtful viewing experience,The movie invites reflection on life choices and personal identity.
Naman,9,One of the most loved films,The film succeeds because it combines emotion and meaningful ideas.
Aastha,8,Great balance of comedy and heart,It is both entertaining and emotionally satisfying.
Pranav,4,Too much sermonizing,The film has a strong message but the delivery becomes overly didactic.
Ishita,7,Well made and absorbing,The story remains engaging because the characters are memorable.
Aditi,10,Outstanding film,The movie is uplifting and deeply moving.
Aarav,9,Brilliant social comedy,This movie is brilliant and emotionally powerful. It mixes humor with life lessons in a very effective manner.
